{"tissue_hires_scalef": 0.072809346, "tissue_lowres_scalef": 0.021842804, "fiducial_diameter_fullres": 304.63145798068047, "spot_diameter_fullres": 188.58137874994503}