{"spot_diameter_fullres": 89.55377, "tissue_hires_scalef": 0.150015, "fiducial_diameter_fullres": 144.66379000000003, "tissue_lowres_scalef": 0.045004502}